S_name',travel_mode',imp_friends','school_inter','Neigh_play','friend_meet','imp_kids','avg_mvpa','SD_mvpa',per_avg_under60',per_sixty_daily','mvpa_boys','mvpa_girls','0_30','30_40','40_50','50_60','60_70','70_80','80_90','more90','mvpa1','mvpa2','mvpa3','mvpa4','walk1','walk2','walk3','walk4','R_socio','R_sport','R_crime','R_walk','R_fit','R_outplay','R_min_outplay','R_simd','PA_home','PA_sc','PA_road','PA_Pfield','PA_park','PA_PG','PA_amenity','PA_SHOP','PA_F_home','PA_FSA','PA_OD','PA_H_garden','fsa_time','OD_time'
Baseline,usual,0.3,0,0.2,0.4,0.25,66.96751083,15,0.339431874,0.14589372,72.59490768,61.4421374,0.001444391,0.027924892,0.106403467,0.203659124,0.256138662,0.206066442,0.119884449,0.078478575,67,63,66,67,49,39,42,38,0,0.29,-0.04,0.58,0.66,0.1,0.17,0.09,11,22,14,3.057544535,2.973923929,0.352508426,1.898777082,0.379971112,2.073355802,5,7,0,17,30
Baseline,usual,0.3,0,0.2,0.4,0.25,67.33396245,15,0.339913337,0.142512077,73.1521394,61.57708812,0.000481464,0.022628792,0.102551757,0.214251324,0.257101589,0.212325469,0.110255176,0.080404429,66,64,67,68,47,41,44,38,0.06,0.31,-0.01,0.57,0.67,0.07,0.12,0.09,11,22,14,2.90834858,2.927241213,0.334694271,2.05284545,0.376196437,2.056639384,6,7,0,17,30
Baseline,usual,0.3,0,0.2,0.4,0.25,66.87867116,15,0.34954261,0.148309179,72.68094303,61.30103872,0,0.02503611,0.115069812,0.209436688,0.250842561,0.206547906,0.114588349,0.078478575,66,65,68,66,47,41,45,38,0.01,0.28,0.01,0.59,0.68,0.09,0.14,0.04,10,22,14,2.813654309,2.909234473,0.392354357,2.00727973,0.37841117,2.03258546,5,7,0,16,30
Baseline,usual,0.3,0,0.2,0.4,0.25,66.41290323,15,0.350024073,0.13236715,71.74209632,60.86907662,0,0.031295137,0.100625903,0.218103033,0.278767453,0.190659605,0.110255176,0.070293693,66,63,66,67,48,39,43,38,0.03,0.27,-0.02,0.57,0.69,0.07,0.12,0.07,10,22,14,2.826942706,2.599749639,0.488435243,1.962195474,0.373307655,2.031275879,5,7,0,17,30
Baseline,usual,0.3,0,0.2,0.4,0.25,67.42035628,15,0.334617238,0.153140097,72.24541154,62.42027451,0.000481464,0.021184401,0.103514685,0.209436688,0.259508907,0.212806933,0.111218103,0.08184882,66,64,68,67,48,39,44,39,0.04,0.29,-0.04,0.54,0.71,0.09,0.13,0.1,11,22,15,2.972614348,2.76939817,0.393143958,2.01762157,0.380182956,2.096138662,5,7,0,16,30
Baseline,usual,0.3,0,0.2,0.4,0.25,67.26129995,14,0.333654309,0.142028986,72.2106367,62.02255699,0,0.017332691,0.097255657,0.219065961,0.272026962,0.199807415,0.123736158,0.070775156,66,64,67,68,49,40,43,38,0.05,0.32,-0.01,0.56,0.66,0.1,0.11,0.05,11,22,14,2.862070294,2.833471353,0.358440058,1.965681271,0.375040924,2.084275397,5,7,0,17,29
Baseline,usual,0.3,0,0.2,0.4,0.25,66.59838228,15,0.351468464,0.146376812,71.95603432,61.13128405,0.001444391,0.022147328,0.116514203,0.211362542,0.269619644,0.191622532,0.108329321,0.078960039,65,62,68,67,46,39,46,37,0.06,0.34,-0.01,0.57,0.68,0.06,0.08,0.08,11,22,14,2.917419355,2.748733751,0.296851228,1.945787193,0.375175734,2.08304285,5,7,0,16,29
Baseline,usual,0.3,0,0.2,0.4,0.25,67.10669234,15,0.341357727,0.139130435,72.63854545,61.50515504,0.001444391,0.01974001,0.098218584,0.221954742,0.264323544,0.199325951,0.119402985,0.075589793,66,66,67,67,47,43,44,38,0.01,0.3,-0.01,0.56,0.67,0.08,0.09,0.04,11,22,15,2.804679827,2.790505537,0.385228695,2.033452094,0.365546461,2.07006259,5,7,0,17,30
Baseline,usual,0.3,0,0.2,0.4,0.25,67.78492056,15,0.319210399,0.157487923,73.21177606,62.38413064,0.002407318,0.018295619,0.095811266,0.202696196,0.261916225,0.208955224,0.13192104,0.077997111,68,66,68,67,50,43,45,37,0,0.28,0.02,0.56,0.67,0.11,0.13,0.04,11,22,15,2.892479538,2.943033221,0.403408763,2.000577756,0.374848339,2.080115551,5,7,0,16,30
Baseline,usual,0.3,0,0.2,0.4,0.25,66.99166105,15,0.346653828,0.150724638,72.06652791,61.73270588,0.000481464,0.023591719,0.102551757,0.220028888,0.259990371,0.201251805,0.118921521,0.073182475,67,62,67,68,49,38,44,38,0.05,0.25,-0.02,0.52,0.69,0.09,0.14,0.06,11,22,14,3.093307655,2.748387097,0.33192104,1.897814155,0.379836302,2.048550794,5,7,0,17,29
Neigh 2/5,usual,0.3,0,0.4,0.4,0.25,69.42755898,15,0.298025999,0.184057971,75.47012393,63.26155642,0,0.017332691,0.083774675,0.196918633,0.25324988,0.209436688,0.128550794,0.110736639,68,65,70,71,49,43,47,40,0.07,0.29,-0.08,0.54,0.68,0.13,0.17,0.15,10,22,15,3.906596052,3.452325469,0.344227251,2.438960039,0.337390467,2.032797304,6,9,0,17,37
Neigh 2/5,usual,0.3,0,0.4,0.4,0.25,68.77662013,15,0.300433318,0.178743961,74.64098522,63.17178908,0,0.017814155,0.088589312,0.194029851,0.263360616,0.207510833,0.133846895,0.094848339,68,65,70,69,49,40,47,41,0.06,0.29,-0.05,0.54,0.69,0.13,0.11,0.08,10,22,15,3.744419836,3.366085701,0.36013481,2.347096774,0.343360616,2.013981704,5,9,0,17,36
Neigh 2/5,usual,0.3,0,0.4,0.4,0.25,69.99295137,15,0.286470872,0.18647343,75.07199259,64.50168337,0.000481464,0.013962446,0.083774675,0.188252287,0.242176216,0.213288397,0.14251324,0.115551276,69,67,70,71,51,40,48,41,0.05,0.26,-0.05,0.53,0.69,0.15,0.21,0.13,10,22,16,4.140028888,3.490515166,0.419085219,2.323081367,0.33933558,2.026981223,5,9,0,17,37
Neigh 2/5,usual,0.3,0,0.4,0.4,0.25,69.52313914,15,0.283100626,0.17826087,74.6675717,64.30386033,0,0.016369764,0.083774675,0.182956187,0.25854598,0.215695715,0.136735676,0.105922003,68,67,71,70,49,44,47,41,0.07,0.26,-0.06,0.55,0.68,0.12,0.18,0.12,10,22,15,3.890823303,3.641348098,0.41694752,2.252999519,0.354530573,2.128801156,5,9,0,16,37
Neigh 2/5,usual,0.3,0,0.4,0.4,0.25,69.53026481,15,0.287915262,0.179710145,74.82432277,64.21065637,0.000481464,0.014443909,0.072219547,0.200770342,0.252286952,0.224843524,0.136254213,0.098700048,69,66,70,70,50,42,47,42,0.05,0.25,-0.04,0.52,0.68,0.11,0.17,0.08,10,22,15,3.693692826,3.652383245,0.495194993,2.183322099,0.354029851,2.096119403,5,9,0,16,36
Neigh 2/5,usual,0.3,0,0.4,0.4,0.25,68.97721714,15,0.300433318,0.178743961,73.98250718,63.90887597,0,0.015406837,0.09099663,0.194029851,0.249879634,0.214251324,0.140587386,0.094848339,69,64,69,70,51,40,46,39,0.04,0.25,-0.05,0.53,0.69,0.09,0.15,0.09,10,22,15,3.793163216,3.665710159,0.430544054,2.336697159,0.340375542,2.051824747,5,9,0,16,37
Neigh 2/5,usual,0.3,0,0.4,0.4,0.25,69.69511796,15,0.280693307,0.184541063,75.78676953,63.62103846,0,0.020221473,0.075589793,0.184882041,0.256620125,0.21376986,0.140105922,0.108810785,68,66,71,70,48,43,47,41,0.07,0.28,-0.05,0.55,0.69,0.08,0.12,0.12,10,22,15,3.903360616,3.555204622,0.473856524,2.309773712,0.34025999,2.070890708,5,9,0,17,37
Neigh 2/5,usual,0.3,0,0.4,0.4,0.25,68.7382571,15,0.31006259,0.161835749,73.96305253,63.80209738,0.000481464,0.0158883,0.089552239,0.204140587,0.242176216,0.215695715,0.140105922,0.091959557,67,65,69,71,50,41,47,41,0.08,0.26,-0.05,0.54,0.69,0.11,0.15,0.12,10,22,15,3.709619644,3.505979779,0.455272027,2.346673086,0.349311507,2.028830043,5,9,0,16,37
Neigh 2/5,usual,0.3,0,0.4,0.4,0.25,69.64155994,15,0.270101108,0.180676329,74.42708691,64.77704854,0,0.0105922,0.077515648,0.18199326,0.261916225,0.224362061,0.14251324,0.101107366,69,65,71,70,51,40,47,40,0.05,0.26,-0.04,0.51,0.69,0.1,0.14,0.07,10,22,15,3.761521425,3.669061146,0.361656235,2.360962927,0.340914781,2.05933558,5,9,0,16,37
Neigh 2/5,usual,0.3,0,0.4,0.4,0.25,69.58168512,15,0.286470872,0.17826087,75.53434109,63.70308134,0.000481464,0.011555128,0.082811748,0.191622532,0.264323544,0.211844006,0.126143476,0.111218103,68,67,71,69,50,42,49,41,0.03,0.25,-0.02,0.53,0.67,0.15,0.15,0.06,10,22,16,3.830582571,3.621299952,0.353009148,2.358054887,0.347462687,2.082888782,5,9,0,16,37
Neigh 3/5,usual,0.3,0,0.6,0.4,0.25,73.20531536,16,0.223880597,0.25942029,78.78637979,67.28650794,0,0.005777564,0.064034665,0.154068368,0.240731825,0.212325469,0.16225325,0.160808859,72,69,74,74,54,43,51,46,0.08,0.23,-0.12,0.53,0.69,0.17,0.26,0.18,9,22,17,4.96317766,4.850168512,0.621704381,2.919557053,0.295811266,2.120616273,5,12,0,16,49
Neigh 3/5,usual,0.3,0,0.6,0.4,0.25,73.08805007,16,0.228695234,0.248792271,79.32975892,66.86434615,0.000481464,0.011073664,0.052479538,0.164660568,0.232065479,0.229176697,0.154549831,0.155512759,71,67,74,75,52,44,51,47,0.12,0.24,-0.11,0.5,0.67,0.18,0.29,0.22,9,22,17,5.136581608,4.681271064,0.666018296,2.584015407,0.295580164,2.049109292,6,12,0,17,47
Neigh 3/5,usual,0.3,0,0.6,0.4,0.25,73.43424169,17,0.232546943,0.268599034,79.40142723,67.15454545,0.000481464,0.014925373,0.06066442,0.156475686,0.205103515,0.231102552,0.166104959,0.165142032,72,67,74,75,53,43,50,47,0.09,0.24,-0.07,0.52,0.7,0.14,0.25,0.19,10,22,17,5.093480982,4.605854598,0.634530573,2.772941743,0.298372653,2.045719788,6,12,0,17,47
Neigh 3/5,usual,0.3,0,0.6,0.4,0.25,73.09417429,16,0.228695234,0.257487923,79.23,67.1731315,0,0.009147809,0.058257102,0.161290323,0.225806452,0.22821377,0.163216177,0.154068368,72,70,73,74,53,45,50,45,0.07,0.23,-0.07,0.51,0.67,0.16,0.23,0.17,10,22,16,5.137236399,4.628233028,0.709735195,2.74780934,0.295272027,2.073220992,5,12,0,16,49
Neigh 3/5,usual,0.3,0,0.6,0.4,0.25,72.12194511,16,0.248435243,0.229468599,77.72378651,66.990369,0.000481464,0.014443909,0.072219547,0.161290323,0.219547424,0.239768897,0.152142513,0.140105922,71,69,72,73,52,45,50,45,0.07,0.22,-0.07,0.5,0.7,0.18,0.28,0.2,9,22,16,5.200288878,4.510351468,0.627058257,2.703476168,0.291343284,2.011362542,5,12,0,17,48
Neigh 3/5,usual,0.3,0,0.6,0.4,0.25,73.03626384,17,0.236880115,0.246859903,78.95316888,66.94005865,0,0.009147809,0.064516129,0.163216177,0.221473279,0.219065961,0.168030814,0.154549831,72,67,73,75,53,42,50,45,0.09,0.23,-0.11,0.52,0.68,0.19,0.29,0.21,10,22,16,5.298911892,4.657101589,0.56993741,2.70305248,0.291824747,2.032392874,6,12,0,17,48
Neigh 3/5,usual,0.3,0,0.6,0.4,0.25,73.47194993,17,0.222436206,0.246859903,79.32027237,67.74070543,0,0.009629273,0.055849783,0.15695715,0.224362061,0.243620607,0.149735195,0.159845932,73,69,74,75,54,43,51,45,0.06,0.27,-0.11,0.52,0.68,0.21,0.27,0.19,9,22,17,5.23562831,4.610765527,0.639537795,2.838266731,0.303379875,2.055792008,6,12,0,17,49
Neigh 3/5,usual,0.3,0,0.6,0.4,0.25,72.83998074,16,0.234954261,0.254589372,78.4712233,67.30017192,0,0.009629273,0.064516129,0.160808859,0.218103033,0.226287915,0.163697641,0.15695715,71,69,73,75,53,45,49,46,0.1,0.22,-0.1,0.49,0.69,0.17,0.29,0.21,9,22,16,5.235647569,4.5350987,0.591892152,2.89868079,0.300433317,2.046124218,5,12,0,17,49
Neigh 3/5,usual,0.3,0,0.6,0.4,0.25,73.07857487,16,0.220028887,0.251207729,78.81782483,67.33379576,0.000962927,0.007703418,0.051998074,0.159364468,0.237361579,0.223399133,0.169956668,0.149253731,72,68,74,75,52,45,50,45,0.09,0.24,-0.07,0.51,0.67,0.15,0.25,0.19,10,22,16,5.398266731,4.505247954,0.662532499,2.654155031,0.292094367,2.035069812,5,12,0,17,48
Neigh 3/5,usual,0.3,0,0.6,0.4,0.25,73.0072027,16,0.221473278,0.250241546,78.24964593,67.69872093,0,0.012036591,0.061145883,0.148290804,0.229176697,0.226287915,0.169956668,0.153105441,71,70,73,75,53,46,51,46,0.09,0.24,-0.11,0.51,0.69,0.18,0.27,0.22,9,22,17,5.292672123,4.768993741,0.547481945,2.654713529,0.296273471,1.978160809,5,12,0,17,48
School +30,usual,0.3,30,0.2,0.4,0.25,74.39220029,16,0.199325952,0.31352657,81.13800194,67.74313576,0.000481464,0.005777564,0.063553202,0.129513722,0.223880597,0.230621088,0.168030814,0.17814155,74,71,74,74,49,40,45,38,0.01,0.23,-0.03,0.5,0.72,0.13,0.14,0.08,11,29,15,2.982128069,2.994222436,0.342339913,1.977024555,0.369494463,2.140452576,5,7,0,17,30
School +30,usual,0.3,30,0.2,0.4,0.25,74.61519499,16,0.197400097,0.329951691,80.53874286,68.55898734,0,0.007221955,0.048146365,0.142031777,0.220028888,0.223880597,0.181030332,0.177660087,74,71,74,75,47,37,43,38,0.02,0.29,0.01,0.51,0.72,0.08,0.08,0.05,11,30,14,3.089321136,2.894809822,0.286085701,1.914896485,0.370187771,2.152797304,6,7,0,17,29
School +30,usual,0.3,30,0.2,0.4,0.25,74.08581608,16,0.201733269,0.306280193,80.94327485,67.39147479,0,0.007221955,0.048146365,0.146364949,0.232065479,0.229658161,0.173326914,0.163216177,74,72,74,73,49,40,44,38,-0.01,0.26,0.02,0.52,0.69,0.1,0.11,0.04,11,29,15,2.933384689,2.863090997,0.316244584,1.948714492,0.373307655,2.141704381,5,7,0,16,29
School +30,usual,0.3,30,0.2,0.4,0.25,73.95123736,16,0.208955224,0.307729469,79.89901067,68.08875717,0,0.008666346,0.055849783,0.144439095,0.223880597,0.227732306,0.16754935,0.171882523,73,71,74,74,48,38,44,39,0.03,0.25,-0.03,0.51,0.7,0.06,0.14,0.05,11,29,14,2.907443428,2.852633606,0.358401541,2.07986519,0.384015407,2.058180067,5,7,0,17,30
School +30,usual,0.3,30,0.2,0.4,0.25,74.08739528,16,0.205103514,0.311111111,80.26697585,67.94932821,0,0.004814636,0.052961001,0.147327877,0.218584497,0.237843043,0.177178623,0.161290323,74,72,74,74,48,41,43,39,0.01,0.22,-0.03,0.5,0.71,0.06,0.14,0.06,11,29,14,2.882888782,2.772864709,0.512335099,1.973211363,0.386056813,2.061030332,5,7,0,17,30
School +30,usual,0.3,30,0.2,0.4,0.25,73.25833414,16,0.214732788,0.287922705,80.32609756,66.89540714,0,0.013962446,0.053923929,0.146846413,0.22291767,0.242657679,0.163216177,0.156475686,72,70,74,74,47,39,44,39,0.05,0.31,0.01,0.49,0.71,0.08,0.07,0.04,10,29,14,3.023206548,2.723505055,0.317303804,1.871179586,0.372922484,2.082060664,5,7,0,16,29
School +30,usual,0.3,30,0.2,0.4,0.25,74.29101589,17,0.198363023,0.310628019,81.27151398,67.33065385,0.000962927,0.0105922,0.057294174,0.129513722,0.225324988,0.235435725,0.168030814,0.17284545,74,72,74,74,49,41,45,39,0.01,0.27,-0.03,0.51,0.72,0.08,0.09,0.04,11,29,15,2.946441984,2.755551276,0.402272508,1.974906115,0.387462687,2.033182475,6,7,0,17,30
School +30,usual,0.3,30,0.2,0.4,0.25,73.76094367,16,0.206547907,0.3,79.87515729,67.52182879,0.000481464,0.011073664,0.059701493,0.135291286,0.209436688,0.25324988,0.175734232,0.155031295,72,71,75,74,46,39,45,38,0.06,0.26,0,0.48,0.72,0.04,0.08,0.05,11,29,14,3.08781897,2.612999519,0.366393837,1.961714011,0.378911892,2.109619644,5,7,0,17,30
School +30,usual,0.3,30,0.2,0.4,0.25,74.33213288,17,0.20702937,0.319806763,80.95340405,67.72996154,0,0.007221955,0.058257102,0.141550313,0.220028888,0.220028888,0.175252768,0.177660087,74,72,74,75,50,41,44,40,0.03,0.29,0,0.52,0.7,0.08,0.11,0.06,11,29,15,3.058565238,2.868560424,0.369301878,1.978969668,0.371035147,2.073066923,5,7,0,16,30
School +30,usual,0.3,30,0.2,0.4,0.25,73.75283582,16,0.218584497,0.310628019,80.11808429,67.31980639,0,0.007221955,0.059220029,0.152142513,0.22291767,0.21762157,0.181511796,0.159364468,74,70,73,74,50,40,43,39,0,0.25,0,0.51,0.7,0.08,0.1,0.05,10,29,15,2.824053924,2.798863746,0.28344728,2.043870968,0.3743091,2.038709677,6,7,0,17,29
School+60,usual,0.3,60,0.2,0.4,0.25,80.6034858,18,0.119884449,0.486956522,87.70530693,73.88104967,0,0.003851709,0.032258065,0.083774675,0.175252768,0.232065479,0.185363505,0.287433799,79,78,80,82,47,39,42,39,0.06,0.28,-0.03,0.44,0.75,0.07,0.1,0.11,11,36,14,3.070987,2.685007222,0.380876264,1.90237843,0.377313433,2.034222436,6,7,0,17,29
School+60,usual,0.3,60,0.2,0.4,0.25,80.72051998,18,0.12662494,0.497584541,87.92341979,73.48285714,0,0.0052961,0.03033221,0.09099663,0.170438132,0.211844006,0.18343765,0.307655272,79,78,81,81,49,41,45,40,0.05,0.24,-0.05,0.47,0.75,0.05,0.09,0.06,10,36,15,2.744034665,3.012787675,0.422956187,1.779585941,0.360693308,2.029504092,6,7,0,17,29
School+60,usual,0.3,60,0.2,0.4,0.25,80.6635532,18,0.129995185,0.495169082,87.90674374,73.42733397,0.000481464,0.003851709,0.028406355,0.097255657,0.161290323,0.223399133,0.198363024,0.286952335,80,77,80,83,47,39,44,38,0.05,0.3,-0.05,0.45,0.74,0.08,0.08,0.1,11,36,14,3.048377468,2.882773231,0.296446798,1.888531536,0.376350506,2.075069812,6,7,0,17,29
School+60,usual,0.3,60,0.2,0.4,0.25,81.01080404,18,0.112181031,0.483091787,89.51479803,72.88316384,0,0.003370246,0.022147328,0.086663457,0.19258546,0.20847376,0.198844487,0.287915262,80,78,81,81,48,40,45,40,0.02,0.25,-0.01,0.48,0.72,0.06,0.09,0.04,11,36,15,2.736466057,3.033298026,0.365796822,2.072007703,0.380491093,2.017833414,5,7,0,17,30
School+60,usual,0.3,60,0.2,0.4,0.25,81.28733751,18,0.116995667,0.516425121,89.0573055,73.28191593,0,0.003851709,0.025999037,0.087144921,0.169475205,0.204622051,0.199325951,0.309581127,80,76,82,82,48,39,45,39,0.05,0.23,-0.02,0.43,0.74,0.06,0.09,0.05,11,36,15,3.059855561,2.800288878,0.36543091,2.043389504,0.388021184,2.037342321,5,7,0,16,30
School+60,usual,0.3,60,0.2,0.4,0.25,79.99245065,18,0.134809822,0.471497585,87.38574884,72.06051896,0,0.005777564,0.034183919,0.094848339,0.18199326,0.213288397,0.186326432,0.28358209,79,76,81,80,48,40,44,38,0.03,0.29,-0.01,0.48,0.72,0.05,0.04,0.03,10,36,14,3.027597496,2.563601348,0.288377468,1.976658642,0.352161772,1.990717381,6,7,0,17,29
School+60,usual,0.3,60,0.2,0.4,0.25,80.57315359,18,0.136735676,0.496618357,88.68561049,73.17034991,0,0.006259027,0.030813674,0.099662975,0.169956668,0.198363024,0.195474242,0.29947039,81,76,80,81,49,37,44,39,0.01,0.24,0,0.48,0.74,0.09,0.1,0.02,10,36,14,2.921425132,2.880288878,0.404044295,1.901280693,0.383553202,2.059374097,6,7,0,17,30
School+60,usual,0.3,60,0.2,0.4,0.25,81.19377949,18,0.12132884,0.497584541,87.78402999,74.23160396,0,0.002888782,0.02503611,0.093403948,0.173326914,0.205584978,0.195955705,0.303803563,81,77,82,80,49,39,46,37,-0.01,0.24,0.01,0.47,0.74,0.07,0.07,-0.03,11,36,15,3.046336062,2.737717862,0.318228214,2.18701974,0.379585941,2.068387097,5,7,0,16,30
School+60,usual,0.3,60,0.2,0.4,0.25,81.04344728,18,0.126143475,0.495169082,88.68490028,73.18558594,0,0.004814636,0.031295137,0.090033702,0.153586904,0.226769379,0.196437169,0.297063072,80,78,82,81,47,38,44,39,0.04,0.23,0.02,0.44,0.75,0.07,0.08,0.03,11,36,14,2.836129032,3.098950409,0.375984593,1.97550313,0.385883486,2.077014925,5,7,0,16,30
School+60,usual,0.3,60,0.2,0.4,0.25,80.25063072,18,0.138180068,0.483574879,88.26862632,72.19393822,0,0.003370246,0.032739528,0.102070294,0.168512277,0.209918151,0.202214733,0.281174771,80,75,81,81,47,38,45,38,0.04,0.28,-0.04,0.46,0.75,0.1,0.12,0.06,10,36,14,2.942821377,2.956398652,0.414289841,1.864323544,0.36132884,2.015637939,5,7,0,17,30
Walk_school,walk_school,0.3,0,0.2,0.4,0.25,70.84959076,14,0.230621088,0.182125604,76.56909633,65.46684112,0,0.006259027,0.052479538,0.171882523,0.272508426,0.248916707,0.14780934,0.100144439,69,68,71,72,56,52,56,52,0.08,0.26,-0.01,0.42,0.73,0.1,0.09,0.12,10,22,18,3.321097737,3.022339913,0.431044776,2.266441984,0.36966779,2.082407318,5,8,0,16,34
Walk_school,walk_school,0.3,0,0.2,0.4,0.25,71.38578719,14,0.217621569,0.210628019,76.30949533,66.15404171,0,0.004814636,0.052961001,0.159845932,0.271545498,0.246990852,0.157438613,0.106403467,70,69,71,73,56,54,54,54,0.09,0.33,-0.02,0.48,0.71,0.09,0.03,0.08,10,22,18,2.948425614,2.890688493,0.420587386,2.321251805,0.360558498,2.079711122,6,8,0,17,32
Walk_school,walk_school,0.3,0,0.2,0.4,0.25,70.9801637,14,0.225806451,0.202415459,76.57831884,65.41961612,0,0.006740491,0.052961001,0.166104959,0.280211844,0.240731825,0.145402022,0.107847857,70,68,71,73,56,52,55,53,0.09,0.35,-0.03,0.48,0.72,0.07,0.05,0.12,10,22,18,3.121001444,2.980741454,0.337371208,2.294886856,0.35761194,2.09086182,5,8,0,16,33
Walk_school,walk_school,0.3,0,0.2,0.4,0.25,71.26738565,14,0.220991816,0.211111111,76.51240705,66.18642654,0.000481464,0.005777564,0.054886856,0.159845932,0.270101107,0.255657198,0.146846413,0.106403467,69,69,71,73,56,52,56,54,0.11,0.35,-0.01,0.47,0.73,0.1,0.02,0.08,10,22,18,2.933962446,3.051555128,0.454270583,2.282233991,0.371439576,2.029311507,5,8,0,17,33
Walk_school,walk_school,0.3,0,0.2,0.4,0.25,72.05276842,14,0.212325469,0.229951691,77.78866602,66.44251429,0,0.005777564,0.050553683,0.155994222,0.26384208,0.240731825,0.170919596,0.11218103,70,70,72,74,57,54,56,55,0.11,0.31,-0.02,0.46,0.71,0.1,0.05,0.1,10,23,19,3.01298026,2.889301878,0.425902744,2.308521907,0.377737121,2.051535869,6,8,0,17,32
Walk_school,walk_school,0.3,0,0.2,0.4,0.25,71.29586904,14,0.215695714,0.200483092,76.86818898,65.9598869,0,0.004814636,0.043813192,0.167067886,0.275878671,0.253731343,0.153586904,0.101107366,69,70,71,73,54,55,54,52,0.11,0.32,-0.04,0.43,0.7,0.08,0.06,0.14,10,22,18,3.16635532,3.046547906,0.345055368,2.420491093,0.363890226,2.141685123,5,8,0,16,33
Walk_school,walk_school,0.3,0,0.2,0.4,0.25,71.28816562,14,0.236398652,0.226086957,76.74037594,65.56146101,0,0.006259027,0.05536832,0.174771305,0.24410207,0.248435243,0.161290323,0.109773712,69,71,72,72,56,55,54,53,0.1,0.29,-0.02,0.49,0.72,0.08,0.07,0.14,10,22,18,3.419682234,2.947308618,0.335021666,2.269561868,0.356629754,2.038343765,5,8,0,16,33
Walk_school,walk_school,0.3,0,0.2,0.4,0.25,71.50921521,14,0.224362061,0.220772947,77.04074364,66.1507109,0,0.004333173,0.048627829,0.171401059,0.26384208,0.249879634,0.145883486,0.11603274,70,69,72,73,57,55,57,52,0.09,0.37,-0.05,0.43,0.72,0.1,0.04,0.13,10,22,19,3.173018777,2.736234954,0.363543572,2.332999519,0.376408281,2.063495426,6,8,0,17,32
Walk_school,walk_school,0.3,0,0.2,0.4,0.25,71.50497833,14,0.221473279,0.200483092,77.01429971,66.17825758,0,0.003851709,0.05536832,0.16225325,0.262397689,0.255175734,0.156475686,0.104477612,70,68,72,73,57,54,55,51,0.08,0.32,-0.04,0.46,0.72,0.09,0.05,0.13,10,22,18,3.27880597,2.689013,0.455137217,2.283928743,0.368396726,2.041675494,6,8,0,17,32
Walk_school,walk_school,0.3,0,0.2,0.4,0.25,72.00100144,14,0.200770341,0.228502415,77.39939394,66.41755142,0,0.004814636,0.04092441,0.155031295,0.270582571,0.265767935,0.151179586,0.111699567,71,69,72,72,57,53,56,52,0.05,0.32,-0.02,0.47,0.69,0.1,0.03,0.09,10,23,19,3.317785267,2.965007222,0.459624458,2.248570053,0.369282619,2.15641791,5,8,0,16,33
Walk_all,Walk_all,0.3,0,0.2,0.4,0.25,73.66237843,14,0.171401059,0.258454106,78.67780511,68.46501961,0,0.001444391,0.031295137,0.138661531,0.257101589,0.260471834,0.173808377,0.13721714,71,72,74,75,60,63,63,62,0.11,0.39,-0.06,0.49,0.7,0.08,0.02,0.11,10,22,21,3.035435725,2.618468946,0.510255176,2.381242176,0.345440539,2.046913818,6,8,0,17,32
Walk_all,Walk_all,0.3,0,0.2,0.4,0.25,73.8615118,14,0.167067887,0.247826087,78.4812963,68.85713139,0,0.002407318,0.030813674,0.133846895,0.248435243,0.273471353,0.174771305,0.136254213,72,72,74,76,61,61,63,63,0.11,0.34,-0.05,0.49,0.7,0.08,0.02,0.14,10,23,21,3.156321618,2.698314877,0.591988445,2.244949446,0.354857968,2.061550313,5,8,0,17,33
Walk_all,Walk_all,0.3,0,0.2,0.4,0.25,73.87501204,14,0.16754935,0.2647343,79.11359528,68.83924457,0,0.001444391,0.028406355,0.137698604,0.24939817,0.266249398,0.185363505,0.131439576,72,73,73,77,62,62,63,63,0.11,0.37,0.01,0.51,0.67,0.14,0,0.06,10,22,21,3.228001926,2.749061146,0.446066442,2.236841598,0.352219547,2.096774194,5,8,0,17,32
Walk_all,Walk_all,0.3,0,0.2,0.4,0.25,73.20333173,14,0.180067406,0.2352657,78.51746835,68.0056,0,0.003370246,0.033220992,0.143476168,0.261916225,0.261434762,0.169956668,0.12662494,70,71,73,76,60,62,62,62,0.14,0.36,-0.05,0.51,0.7,0.14,0,0.11,10,22,21,2.734713529,3.153182475,0.477419355,2.12649013,0.351718825,2.028695234,6,8,0,17,31
Walk_all,Walk_all,0.3,0,0.2,0.4,0.25,73.41122773,15,0.190659605,0.241545894,79.36437678,67.31302144,0,0.002888782,0.043813192,0.143957631,0.250361098,0.245064998,0.170919596,0.142994704,70,73,73,77,60,63,62,63,0.15,0.4,-0.05,0.51,0.7,0.12,0.03,0.12,10,22,21,3.297390467,2.787481945,0.462301396,2.213403948,0.35788156,2.069523351,5,8,0,16,33
Walk_all,Walk_all,0.3,0,0.2,0.4,0.25,73.22212807,14,0.195955705,0.236231884,78.61817829,67.89320574,0,0.002888782,0.034183919,0.158883004,0.228695234,0.285026481,0.156475686,0.133846895,71,72,74,75,61,63,61,63,0.13,0.4,-0.05,0.54,0.71,0.07,-0.01,0.11,10,22,21,3.230024073,2.827924892,0.438690419,2.27589793,0.3607896,2.106596052,5,8,0,16,33
Walk_all,Walk_all,0.3,0,0.2,0.4,0.25,73.61371208,14,0.176697159,0.243478261,78.87299351,67.92757515,0,0.001444391,0.037072701,0.138180067,0.252768416,0.259990371,0.169956668,0.140587386,70,72,74,77,59,62,61,63,0.17,0.38,-0.06,0.52,0.71,0.09,0.05,0.17,10,22,21,3.341126625,2.738565238,0.38992778,2.271622532,0.348040443,2.10609533,6,8,0,17,32
Walk_all,Walk_all,0.3,0,0.2,0.4,0.25,73.51686086,14,0.177178623,0.245410628,79.21573643,67.88888038,0,0.002888782,0.036109774,0.138180067,0.257583052,0.257583052,0.169475205,0.138180067,71,72,73,76,60,62,62,63,0.14,0.37,-0.06,0.5,0.69,0.07,0.06,0.16,10,22,21,3.424997593,2.991892152,0.339585941,2.115686086,0.341492537,2.043023592,5,8,0,17,32
Walk_all,Walk_all,0.3,0,0.2,0.4,0.25,72.73877708,14,0.20173327,0.216425121,77.99359684,67.74546479,0,0.004333173,0.036109774,0.161290323,0.240250361,0.262879153,0.169475205,0.125662013,70,70,73,76,59,61,63,63,0.15,0.36,-0.04,0.52,0.69,0.11,0.02,0.13,10,22,21,3.227578238,3.030255176,0.309754454,2.160327395,0.344073182,2.154068368,5,8,0,15,32
Walk_all,Walk_all,0.3,0,0.2,0.4,0.25,73.03214251,14,0.187770824,0.234782609,78.4775619,67.46477118,0,0.002888782,0.041405874,0.143476168,0.246990852,0.264323544,0.175734232,0.125180549,70,71,74,75,60,60,62,62,0.15,0.41,-0.03,0.5,0.7,0.09,0.01,0.12,10,22,21,3.237438613,2.815560905,0.485854598,2.158093404,0.352142513,2.027212325,5,8,0,16,33
Combine,walk_school,0.3,30,0.4,0.4,0.25,80.4323351,15,0.090033703,0.472463768,87.00055064,74.13056604,0,0.001444391,0.021184401,0.067404911,0.176697159,0.243620607,0.232065479,0.257583052,79,79,81,81,58,56,57,55,0.06,0.25,-0.03,0.38,0.74,0.06,0.07,0.15,10,29,19,4.182936928,3.712103996,0.483851709,2.583245065,0.338796341,2.035955705,5,10,0,16,40
Combine,walk_school,0.3,30,0.4,0.4,0.25,80.75349061,16,0.088107848,0.469565217,87.02644004,74.22789784,0,0.000962927,0.020702937,0.066441984,0.193066923,0.22821377,0.221954742,0.268656716,78,78,81,84,58,58,58,57,0.13,0.24,-0.08,0.42,0.75,0.12,0.1,0.14,10,29,19,4.285045739,3.76132884,0.461511796,2.548117477,0.342840636,2.045642754,5,10,0,16,40
Combine,walk_school,0.3,30,0.4,0.4,0.25,80.8887819,16,0.103514685,0.466666667,87.62129353,74.57705224,0,0.001925855,0.020221473,0.081367357,0.153586904,0.255657198,0.210399615,0.276841598,79,79,81,82,59,56,58,55,0.07,0.29,-0.05,0.39,0.76,0.1,0.03,0.13,10,29,19,3.893346172,3.729340395,0.482099182,2.55867116,0.341415503,2.086239769,6,10,0,17,39
Combine,walk_school,0.3,30,0.4,0.4,0.25,81.38251324,16,0.088589311,0.481642512,87.4625207,74.70678788,0,0.002407318,0.014925373,0.07125662,0.169956668,0.237843043,0.217140106,0.286470871,80,80,81,82,58,55,59,54,0.04,0.26,-0.05,0.38,0.75,0.12,0.06,0.12,10,30,19,4.401887338,3.530207029,0.479749639,2.606933077,0.344227251,2.101165142,5,10,0,16,40
Combine,walk_school,0.3,30,0.4,0.4,0.25,80.5570727,16,0.097255658,0.474879227,86.93197674,74.26147368,0,0.000481464,0.018295619,0.078478575,0.166586423,0.250842561,0.218584497,0.266730862,79,79,81,82,57,59,58,55,0.08,0.24,-0.03,0.38,0.74,0.1,0.09,0.14,10,29,19,3.880404429,3.891169957,0.444756861,2.564487241,0.333211363,1.997727492,6,10,0,17,40
Combine,walk_school,0.3,30,0.4,0.4,0.25,80.38112662,16,0.103996149,0.461352657,87.59699901,73.51112782,0,0.000481464,0.022147328,0.081367357,0.171882523,0.234954261,0.223399133,0.265767935,78,78,81,82,57,56,57,55,0.09,0.23,-0.06,0.38,0.75,0.14,0.1,0.12,10,29,19,3.925893115,3.9554935,0.582166586,2.547713048,0.338623014,2.029812229,5,10,0,16,41
Combine,walk_school,0.3,30,0.4,0.4,0.25,80.38753972,16,0.10158883,0.45410628,87.25847025,73.23988212,0,0.000962927,0.019258546,0.081367357,0.182474723,0.24410207,0.202696196,0.26913818,78,80,80,82,58,58,58,55,0.08,0.25,-0.08,0.42,0.76,0.18,0.09,0.11,10,29,19,3.996109774,3.544689456,0.573596533,2.572441021,0.336543091,2.023996148,6,10,0,17,40
Combine,walk_school,0.3,30,0.4,0.4,0.25,79.49357727,16,0.105440539,0.443961353,86.14575668,73.18461538,0,0.001925855,0.020221473,0.083293211,0.199325951,0.227250843,0.226287915,0.241694752,78,76,79,82,58,55,57,56,0.1,0.24,-0.05,0.42,0.75,0.11,0.11,0.16,10,29,19,4.295079442,3.382147328,0.464997593,2.649610014,0.324063553,2.052498796,5,10,0,16,41
Combine,walk_school,0.3,30,0.4,0.4,0.25,81.14441984,16,0.094848339,0.481642512,87.73199625,74.18506931,0,0.001444391,0.014443909,0.078960039,0.180548869,0.220510351,0.214251324,0.289841117,80,78,81,83,58,57,58,55,0.08,0.28,-0.09,0.4,0.75,0.13,0.1,0.14,10,29,19,4.079576312,3.726528647,0.493038036,2.671429947,0.338334136,2.105363505,6,10,0,16,40
Combine,walk_school,0.3,30,0.4,0.4,0.25,80.06074145,16,0.110255176,0.459903382,86.42458788,74.07158879,0,0.000962927,0.01974001,0.089552239,0.176215696,0.228695234,0.221473279,0.263360616,77,78,80,84,59,57,58,55,0.14,0.29,-0.09,0.39,0.74,0.11,0.11,0.18,10,29,19,3.988849302,3.730322581,0.518960039,2.544362061,0.329032258,2.039634088,5,10,0,16,40
