<?xml version="1.0" encoding="UTF-8"?>
<metadata xml:lang="en"><Esri><CreaDate>20190411</CreaDate><CreaTime>10561200</CreaTime><ArcGISFormat>1.0</ArcGISFormat><SyncOnce>TRUE</SyncOnce><DataProperties><lineage><Process ToolSource="c:\program files (x86)\arcgis\desktop10.5\ArcToolbox\Toolboxes\Data Management Tools.tbx\CalculateField" Date="20190411" Time="105612">CalculateField Zones_53zones sum "[ab25_44]+ [c1_25_44]+ [c2_25_44]+ [de25_44]" VB #</Process></lineage></DataProperties></Esri></metadata>
