<?xml version="1.0" encoding="UTF-8"?>
<metadata xml:lang="en"><Esri><CreaDate>20190304</CreaDate><CreaTime>18581700</CreaTime><ArcGISFormat>1.0</ArcGISFormat><SyncOnce>TRUE</SyncOnce><DataProperties><lineage><Process ToolSource="c:\program files (x86)\arcgis\desktop10.5\ArcToolbox\Toolboxes\Data Management Tools.tbx\CalculateField" Date="20181018" Time="174305">CalculateField POI_Glas group_1 [Group] VB #</Process><Process ToolSource="c:\program files (x86)\arcgis\desktop10.5\ArcToolbox\Toolboxes\Data Management Tools.tbx\CalculateField" Date="20181018" Time="174357">CalculateField POI_Glas Category_1 [category] VB #</Process><Process ToolSource="c:\program files (x86)\arcgis\desktop10.5\ArcToolbox\Toolboxes\Data Management Tools.tbx\CalculateField" Date="20181018" Time="183425">CalculateField POI_Glas Categ_desc [Cat_desc] VB #</Process><Process ToolSource="c:\program files (x86)\arcgis\desktop10.5\ArcToolbox\Toolboxes\Data Management Tools.tbx\CalculateField" Date="20181018" Time="183854">CalculateField POI_Glas Group_des [Group_desc] VB #</Process><Process ToolSource="c:\program files (x86)\arcgis\desktop10.5\ArcToolbox\Toolboxes\Data Management Tools.tbx\CalculateField" Date="20181018" Time="184005">CalculateField POI_Glas Categ_des [Categ_desc] VB #</Process></lineage><itemProps><itemLocation><linkage Sync="TRUE">file://\\192.168.0.17\ja234z\Glasgow University projects\GIS_DATA\Points_of_intrest\POI_Glas</linkage><protocol Sync="TRUE">Local Area Network</protocol></itemLocation></itemProps><copyHistory><copy source="N:\Glasgow University projects\GPS_MOVMENT\GIS_data_Jonatan\Points_of_Intrest_Glasgow_area\POI_Glas" dest="\\192.168.0.17\ja234z\Glasgow University projects\GIS_DATA\Points_of_intrest\POI_Glas" date="20181022" time="12251500"></copy></copyHistory></DataProperties></Esri></metadata>
