code,Primary_LU,Cnt_Primar,area,my_time,SD_time,lu_mvpa
0,Growing Area,114,,30,15,0.25
1,Amn- business,937,,15,5,0.05
2,Amn- residential,6040,,30,15,0.24
3,Amn- transport,10863,,10,5,0.16
4,Bowling,113,,20,10,0.23
5,Cemetery,697,,20,10,0.2
6,Churchyard,1030,,30,15,0.18
7,Civic space,295,,30,15,0.27
8,Golf ,347,,30,15,0.07
9,Green access routes,2409,,5,2,0.13
10,Institute,3389,,60,10,0.2
11,Semi-natural,295,,10,5,0.08
12,Open water,576,,10,5,0.14
13, functional greenspace,327,,10,5,0.09
14,Other sports,63,,40,10,0.44
15,Playing fields,912,,40,10,0.34
16,Playspace,350,,30,15,0.21
17,Gardens,184470,,30,15,0.12
18,Public park,4418,,30,15,0.32
19,Riparian routes,1121,,10,5,0.16
20,School ,1976,,30,10,0.11
21,Tennis,39,,40,15,0.28
22,Woodland,785,,30,15,0.1
