index,code,Primary_LU,my_time,SD_time,lu_mvpa
0,0,Community field,30,15,0.25
1,1,Home,,,0.05
2,2,Amn- residential,30,15,0.24
3,3,Ditached Garden,10,5,0.14
4,4,Bowling ,20,10,0.23
5,5,Cemetery,20,10,0.2
6,6,Churchyard,30,15,0.18
7,7,Shoping,,,0.06
8,8,Golf,30,15,0.07
9,,,,,
10,10,Institutional ,60,10,0.2
11,11,Semi-natural,10,5,0.08
12,12,Water,10,5,0.14
13,,,,,
14,14,Other sports,40,10,0.44
15,15,Playing fields,40,10,0.34
16,16,Playspace,30,15,0.21
17,17,Garden,30,15,0.12
18,18,Park,30,15,0.32
19,,,,,
20,20,School ,30,10,0.11
21,21,Tennis,40,15,0.28
22,22,Woodland,30,15,0.1
23,23,Road,,,0.2
24,24,Visit friend,60,30,0.1
25,25,Car,,,
