<?xml version="1.0" encoding="UTF-8"?>
<metadata xml:lang="en"><Esri><CreaDate>20190304</CreaDate><CreaTime>18541500</CreaTime><ArcGISFormat>1.0</ArcGISFormat><SyncOnce>TRUE</SyncOnce><DataProperties><itemProps><itemLocation><linkage Sync="TRUE">file://\\192.168.0.17\ja234z\Glasgow University projects\GIS_DATA\Layers_model_glasgow\Glasgow_SIMD_with_census</linkage><protocol Sync="TRUE">Local Area Network</protocol></itemLocation></itemProps><copyHistory><copy source="N:\Glasgow University projects\GIS_DATA\SG_SIMD_2016\Glasgow_SIMD_with_census" dest="\\192.168.0.17\ja234z\Glasgow University projects\GIS_DATA\Layers_model_glasgow\Glasgow_SIMD_with_census" date="20190222" time="11522800"></copy></copyHistory><lineage><Process ToolSource="c:\program files (x86)\arcgis\desktop10.5\ArcToolbox\Toolboxes\Data Management Tools.tbx\CalculateField" Date="20190222" Time="145556">CalculateField Glasgow_SIMD_with_census over16 "[16_17]+ [18_19]+ [20_24]+ [25_29]+ [30_44]+ [45_59]+ [60_64]+ [65_74]" VB #</Process></lineage></DataProperties></Esri></metadata>
